datetimestamp,longitude,latitude,speed,battery_current,battery_voltage,battery_power,mppt1_power,mppt2_power,mppt3_power,mppt4_power
2026-09-05T07:17:32.440,-26.0850634,27.9341261,90.5,10.00,110.00,1100.00,400.00,400.00,400.00,400.00
2026-09-05T07:17:33.440,-26.0850564,27.9341024,90.0,9.81,110.12,1079.85,402.83,406.27,393.39,398.75
2026-09-05T07:17:34.440,-26.0850799,27.9340883,90.0,9.47,109.97,1041.92,405.23,406.99,388.92,400.18
2026-09-05T07:17:35.440,-26.0850645,27.9340636,90.7,9.61,109.89,1056.41,399.71,414.31,386.30,393.66
2026-09-05T07:17:36.440,-26.0850846,27.9340810,91.0,9.83,110.00,1081.16,400.29,421.88,384.36,394.50
2026-09-05T07:17:37.440,-26.0850682,27.9340869,91.8,9.88,110.10,1088.13,393.03,417.53,380.99,387.77
2026-09-05T07:17:38.440,-26.0850815,27.9340670,91.3,9.98,110.04,1097.91,390.95,412.88,377.26,394.76
2026-09-05T07:17:39.440,-26.0850741,27.9340724,90.5,10.14,109.87,1113.86,389.02,420.71,379.50,395.67
2026-09-05T07:17:40.440,-26.0850649,27.9340896,91.2,9.95,109.64,1090.69,386.07,416.99,374.88,402.76
2026-09-05T07:17:41.440,-26.0850461,27.9340803,91.5,9.88,109.84,1084.73,385.41,413.23,370.82,403.74
2026-09-05T07:17:42.440,-26.0850579,27.9340845,92.5,9.80,109.70,1075.62,393.37,413.38,364.28,396.49
2026-09-05T07:17:43.440,-26.0850775,27.9340909,93.2,9.75,109.48,1067.51,391.48,421.32,364.74,404.03
2026-09-05T07:17:44.440,-26.0850594,27.9340665,93.7,9.88,109.50,1081.62,387.74,423.58,358.53,402.99
2026-09-05T07:17:45.440,-26.0850617,27.9340892,94.6,9.71,109.50,1063.48,382.60,430.18,364.46,399.76
2026-09-05T07:17:46.440,-26.0850548,27.9340946,93.8,9.90,109.52,1083.80,387.06,430.67,356.47,396.95
2026-09-05T07:17:47.440,-26.0850788,27.9341161,94.7,10.13,109.43,1108.25,379.99,436.71,363.62,390.32
2026-09-05T07:17:48.440,-26.0850795,27.9340945,95.3,10.31,109.24,1126.70,379.59,437.51,359.86,396.28
2026-09-05T07:17:49.440,-26.0850833,27.9340801,95.4,10.47,109.09,1142.72,376.58,445.43,362.26,395.29
2026-09-05T07:17:50.440,-26.0850825,27.9340612,94.8,10.36,109.13,1130.81,372.26,440.96,355.39,397.38
2026-09-05T07:17:51.440,-26.0850960,27.9340814,95.6,10.06,109.00,1096.71,374.97,436.38,349.51,404.35
2026-09-05T07:17:52.440,-26.0850925,27.9340801,96.3,10.28,108.85,1118.58,368.52,435.28,348.29,403.82
2026-09-05T07:17:53.440,-26.0850810,27.9340887,97.5,10.00,108.80,1087.50,365.95,441.07,344.27,398.87
2026-09-05T07:17:54.440,-26.0850836,27.9340848,96.9,9.82,109.01,1070.52,365.04,446.85,345.07,391.68
2026-09-05T07:17:55.440,-26.0850586,27.9341016,98.1,10.12,109.19,1104.82,359.70,446.62,340.49,390.09
2026-09-05T07:17:56.440,-26.0850807,27.9340956,99.2,9.95,109.33,1088.29,358.98,445.39,347.81,398.02
2026-09-05T07:17:57.440,-26.0850779,27.9341065,98.4,9.81,109.56,1075.03,360.24,446.06,351.78,390.94
2026-09-05T07:17:58.440,-26.0850737,27.9341066,99.2,9.57,109.79,1050.96,353.52,441.04,353.30,393.74
2026-09-05T07:17:59.440,-26.0850869,27.9340876,100.2,9.39,109.84,1031.90,355.44,439.74,354.63,394.10
2026-09-05T07:18:00.440,-26.0850652,27.9340728,100.7,9.21,109.79,1011.33,358.18,436.54,351.69,398.13
2026-09-05T07:18:01.440,-26.0850866,27.9340708,101.9,9.56,109.58,1047.41,353.59,432.79,358.63,404.23
2026-09-05T07:18:02.440,-26.0850676,27.9340642,101.1,9.79,109.68,1074.01,355.38,440.58,361.09,396.35
2026-09-05T07:18:03.440,-26.0850518,27.9340542,101.5,10.10,109.49,1105.86,349.23,434.30,361.94,392.71
2026-09-05T07:18:04.440,-26.0850465,27.9340651,100.8,10.19,109.38,1114.95,349.04,440.78,367.48,386.19
2026-09-05T07:18:05.440,-26.0850503,27.9340539,99.6,10.38,109.44,1136.42,345.23,444.64,368.31,385.03
2026-09-05T07:18:06.440,-26.0850748,27.9340327,100.5,10.67,109.47,1167.61,350.59,445.96,362.67,379.07
2026-09-05T07:18:07.440,-26.0850844,27.9340526,101.2,10.92,109.67,1197.42,345.95,441.95,356.32,383.55
2026-09-05T07:18:08.440,-26.0850652,27.9340480,101.5,10.68,109.88,1173.20,351.78,449.57,361.29,389.65
2026-09-05T07:18:09.440,-26.0850890,27.9340598,101.1,10.98,110.03,1208.00,357.61,454.54,357.56,394.25
2026-09-05T07:18:10.440,-26.0851086,27.9340784,101.9,10.78,110.19,1188.32,356.97,451.43,362.29,389.89
2026-09-05T07:18:11.440,-26.0851324,27.9340630,101.5,11.04,110.42,1219.00,353.44,453.69,360.68,397.59
2026-09-05T07:18:12.440,-26.0851306,27.9340850,100.6,11.37,110.26,1253.54,360.84,449.94,354.42,396.54
2026-09-05T07:18:13.440,-26.0851192,27.9340757,100.9,11.38,110.21,1253.77,362.06,446.01,357.76,388.57
2026-09-05T07:18:14.440,-26.0850979,27.9340776,101.4,11.55,110.29,1273.42,359.89,439.13,360.38,385.85
2026-09-05T07:18:15.440,-26.0851072,27.9340950,101.9,11.41,110.20,1256.91,358.43,437.57,357.11,379.89
2026-09-05T07:18:16.440,-26.0851112,27.9341170,102.3,11.69,110.25,1288.66,355.24,438.34,349.12,376.48
2026-09-05T07:18:17.440,-26.0851147,27.9341210,102.7,11.66,110.23,1285.62,350.66,437.91,355.54,381.22
2026-09-05T07:18:18.440,-26.0851312,27.9341003,102.7,11.76,110.14,1294.91,355.76,441.93,358.30,376.81
2026-09-05T07:18:19.440,-26.0851462,27.9340765,102.1,11.74,110.32,1295.04,348.92,440.56,360.38,371.92
2026-09-05T07:18:20.440,-26.0851364,27.9340762,101.5,11.85,110.07,1304.17,352.94,444.88,354.09,370.73
2026-09-05T07:18:21.440,-26.0851526,27.9340991,101.6,11.53,109.95,1268.06,358.51,444.18,358.91,373.41
2026-09-05T07:18:22.440,-26.0851282,27.9341039,102.6,11.81,110.00,1298.85,362.02,444.26,364.20,374.17
2026-09-05T07:18:23.440,-26.0851084,27.9341161,102.6,11.64,109.87,1278.84,364.22,448.51,364.54,376.20
2026-09-05T07:18:24.440,-26.0851196,27.9340949,102.1,11.48,109.78,1260.25,364.86,442.73,360.24,379.30
2026-09-05T07:18:25.440,-26.0851093,27.9340732,101.8,11.51,109.74,1263.04,360.17,441.45,366.72,380.65
2026-09-05T07:18:26.440,-26.0850995,27.9340910,102.5,11.43,109.50,1251.03,357.80,445.50,372.37,387.90
2026-09-05T07:18:27.440,-26.0851036,27.9341034,102.6,11.50,109.36,1257.33,353.31,444.48,364.84,385.28
2026-09-05T07:18:28.440,-26.0850946,27.9340986,101.8,11.47,109.17,1252.70,355.27,436.91,363.14,386.31
2026-09-05T07:18:29.440,-26.0851183,27.9341057,100.9,11.45,108.94,1247.20,353.33,432.30,360.37,390.49
2026-09-05T07:18:30.440,-26.0851243,27.9341183,101.7,11.27,108.74,1225.95,345.64,432.93,368.37,388.09
2026-09-05T07:18:31.440,-26.0851168,27.9341324,102.1,11.45,108.96,1247.88,340.83,425.25,362.81,382.11
2026-09-05T07:18:32.440,-26.0851083,27.9341356,101.4,11.59,109.09,1264.64,335.52,426.97,366.77,375.94
2026-09-05T07:18:33.440,-26.0850924,27.9341588,100.5,11.26,109.00,1227.36,338.35,434.30,365.12,379.38
2026-09-05T07:18:34.440,-26.0851136,27.9341683,100.8,10.98,109.14,1198.48,343.96,435.91,359.06,387.13
2026-09-05T07:18:35.440,-26.0850994,27.9341607,100.6,10.89,109.14,1188.62,341.42,441.50,364.21,380.81
2026-09-05T07:18:36.440,-26.0850764,27.9341675,101.4,11.04,109.11,1204.10,345.16,448.95,360.53,385.75
2026-09-05T07:18:37.440,-26.0850745,27.9341667,101.2,11.20,108.99,1220.45,350.79,454.24,353.92,391.85
2026-09-05T07:18:38.440,-26.0850873,27.9341649,101.5,11.11,108.76,1208.60,356.40,449.15,349.32,396.62
2026-09-05T07:18:39.440,-26.0850953,27.9341839,102.0,10.96,108.51,1188.89,363.57,442.52,352.84,396.43
2026-09-05T07:18:40.440,-26.0850824,27.9341934,102.3,10.95,108.66,1189.79,357.06,438.06,355.91,393.33
2026-09-05T07:18:41.440,-26.0850783,27.9341921,102.4,10.90,108.78,1185.47,354.35,441.31,352.24,389.36
2026-09-05T07:18:42.440,-26.0850973,27.9341767,101.5,10.92,108.91,1189.63,349.32,436.77,351.99,392.95
2026-09-05T07:18:43.440,-26.0850734,27.9341780,101.0,10.64,108.76,1157.55,344.96,431.64,344.21,393.49
2026-09-05T07:18:44.440,-26.0850847,27.9342017,101.1,10.78,108.57,1170.56,350.85,431.50,350.18,394.68
2026-09-05T07:18:45.440,-26.0850862,27.9341987,100.3,10.47,108.79,1138.77,350.49,436.65,348.59,387.87
2026-09-05T07:18:46.440,-26.0850798,27.9341764,99.5,10.51,108.69,1142.53,358.40,430.55,352.82,389.57
2026-09-05T07:18:47.440,-26.0850652,27.9341627,99.6,10.48,108.67,1138.46,364.16,438.39,349.71,391.50
2026-09-05T07:18:48.440,-26.0850598,27.9341747,100.6,10.27,108.52,1114.75,366.73,432.90,344.49,384.70
2026-09-05T07:18:49.440,-26.0850846,27.9341722,100.9,10.13,108.39,1097.54,370.04,436.15,343.75,387.70
2026-09-05T07:18:50.440,-26.0850634,27.9341866,101.2,10.24,108.60,1111.98,368.84,436.86,346.11,394.24
2026-09-05T07:18:51.440,-26.0850471,27.9341652,100.3,10.10,108.73,1098.62,369.95,433.48,340.10,397.26
2026-09-05T07:18:52.440,-26.0850371,27.9341873,100.3,10.10,108.52,1096.03,362.59,432.39,337.26,393.26
2026-09-05T07:18:53.440,-26.0850575,27.9342104,101.2,10.15,108.74,1104.03,370.58,435.15,333.57,385.91
2026-09-05T07:18:54.440,-26.0850447,27.9342089,101.5,10.44,108.58,1134.03,371.94,437.30,333.44,379.36
2026-09-05T07:18:55.440,-26.0850523,27.9342006,101.9,10.69,108.50,1160.32,375.04,433.91,340.56,384.38
2026-09-05T07:18:56.440,-26.0850498,27.9341983,101.5,10.57,108.73,1149.38,373.51,434.15,348.37,386.90
2026-09-05T07:18:57.440,-26.0850477,27.9341940,100.7,10.47,108.86,1140.20,375.52,438.31,343.63,387.69
2026-09-05T07:18:58.440,-26.0850263,27.9341909,101.2,10.21,109.10,1113.77,377.26,434.14,338.16,388.51
2026-09-05T07:18:59.440,-26.0850237,27.9341705,102.4,10.50,109.08,1145.10,371.14,439.45,338.14,391.97
2026-09-05T07:19:00.440,-26.0850233,27.9341592,103.2,10.83,108.95,1180.38,371.96,437.59,344.89,392.10
2026-09-05T07:19:01.440,-26.0850043,27.9341774,102.7,11.04,108.91,1202.03,378.91,437.71,350.02,388.63
2026-09-05T07:19:02.440,-26.0850144,27.9341818,103.9,11.03,108.73,1199.30,379.52,435.23,350.85,389.32
2026-09-05T07:19:03.440,-26.0850166,27.9341729,103.1,11.17,108.77,1214.73,375.26,439.64,343.55,393.24
2026-09-05T07:19:04.440,-26.0850063,27.9341884,102.8,11.28,108.93,1229.01,382.95,439.57,336.14,393.28
2026-09-05T07:19:05.440,-26.0850018,27.9342069,103.7,11.24,108.94,1224.60,382.26,443.13,334.70,395.75
2026-09-05T07:19:06.440,-26.0850191,27.9342054,104.9,11.13,109.04,1213.36,384.66,448.76,340.33,401.50
2026-09-05T07:19:07.440,-26.0850251,27.9341962,105.4,11.31,109.23,1235.27,377.24,441.85,342.43,408.24
2026-09-05T07:19:08.440,-26.0850002,27.9342086,105.2,11.03,109.29,1205.30,383.20,440.95,345.54,414.69
2026-09-05T07:19:09.440,-26.0850229,27.9342234,104.7,10.94,109.11,1193.79,383.70,442.00,350.22,409.41
2026-09-05T07:19:10.440,-26.0850440,27.9342419,105.0,10.76,109.32,1176.21,377.99,441.38,346.28,405.50
2026-09-05T07:19:11.440,-26.0850685,27.9342571,106.0,10.88,109.15,1187.94,377.05,438.91,347.68,407.72
